time,F3,F4,C3,C4,P3,P4,O1,O2
1.764439412163887501e+09,2.412886683688960620e+05,2.330522740545599372e+05,2.402801576590726036e+05,2.044862752540439833e+05,5.443210580135653727e+05,1.695232742456524866e+05,3.740447534972135327e+05,5.439389772938463138e+05,9.599730491638183594e+00,1.529837548732757568e-01,6.119350194931030273e-01,2.057500000000000000e+04
1.764439412167887449e+09,2.412745197146558494e+05,2.330421487143216946e+05,2.402809623218729976e+05,2.044705172742029827e+05,5.443130784407948377e+05,1.695040293936764647e+05,3.740319459476406919e+05,5.439312659420092823e+05,9.599730491638183594e+00,1.529837548732757568e-01,6.119350194931030273e-01,2.057600000000000000e+04
1.764439412171887636e+09,2.412702952349538100e+05,2.330070788272713253e+05,2.402504521906914888e+05,2.044271325382152281e+05,5.444335096399199683e+05,1.694630586460898630e+05,3.740239663748700987e+05,5.440516971411344130e+05,9.599730491638183594e+00,1.529837548732757568e-01,6.119350194931030273e-01,2.057700000000000000e+04
1.764439412175887585e+09,2.412462224061754241e+05,2.329703996146201680e+05,2.402129683152399375e+05,2.043909897674309905e+05,5.444935911290158983e+05,1.694306709683741501e+05,3.740076719531621784e+05,5.441117786302303430e+05,9.599730491638183594e+00,1.529837548732757568e-01,6.119350194931030273e-01,2.057800000000000000e+04
1.764439412179887533e+09,2.412098114144577412e+05,2.329669797977184935e+05,2.402082073936709494e+05,2.043808644271927478e+05,5.444019266250046203e+05,1.694047205930615310e+05,3.739825262406499824e+05,5.440201141262190649e+05,9.599730491638183594e+00,1.529837548732757568e-01,6.119350194931030273e-01,2.057900000000000000e+04
1.764439412183887482e+09,2.411814470507439692e+05,2.329677844605188875e+05,2.402122307076729194e+05,2.043771763893576281e+05,5.442981921789875487e+05,1.693953999156236532e+05,3.739589898537385161e+05,5.439163796802019933e+05,9.599730491638183594e+00,1.529837548732757568e-01,6.119350194931030273e-01,2.058000000000000000e+04
1.764439412187887430e+09,2.411667619546368078e+05,2.329480031666759460e+05,2.402050557977027784e+05,2.043598090839158394e+05,5.442877986178158317e+05,1.693791054939157329e+05,3.739440365366979386e+05,5.439062543399637798e+05,9.599730491638183594e+00,1.529837548732757568e-01,6.119350194931030273e-01,2.058100000000000000e+04
1.764439412191887617e+09,2.411555637306647259e+05,2.329051548725551111e+05,2.401694494687854603e+05,2.043174972316619533e+05,5.444050111657395028e+05,1.693408169556638168e+05,3.739339111964596668e+05,5.440234668878873345e+05,9.599730491638183594e+00,1.529837548732757568e-01,6.119350194931030273e-01,2.058200000000000000e+04
1.764439412195887566e+09,2.411282722506847931e+05,2.328730354157728434e+05,2.401298198258662014e+05,2.042843048911458172e+05,5.444653608757688198e+05,1.693044059639461047e+05,3.739157392282175133e+05,5.440838165979167679e+05,9.599730491638183594e+00,1.529837548732757568e-01,6.119350194931030273e-01,2.058300000000000000e+04
1.764439412199887514e+09,2.410867650612312718e+05,2.328704202616715629e+05,2.401145982878921495e+05,2.042792757486433838e+05,5.443830841044287663e+05,1.692913301934397605e+05,3.738884477482375805e+05,5.440012716056432109e+05,9.599730491638183594e+00,1.529837548732757568e-01,6.119350194931030273e-01,2.058400000000000000e+04
1.764439412203887463e+09,2.410522316160478222e+05,2.328736389128731389e+05,2.401109102500570007e+05,2.042824943998449307e+05,5.443072446354919812e+05,1.692897879230723483e+05,3.738643749194592237e+05,5.439254321367064258e+05,9.599730491638183594e+00,1.529837548732757568e-01,6.119350194931030273e-01,2.058500000000000000e+04
1.764439412207887650e+09,2.410351325315395079e+05,2.328645864563687355e+05,2.400999802470183640e+05,2.042691504084051121e+05,5.443230696705663577e+05,1.692713477338967205e+05,3.738480804977513035e+05,5.439412571717808023e+05,9.599730491638183594e+00,1.529837548732757568e-01,6.119350194931030273e-01,2.058600000000000000e+04
1.764439412211887598e+09,2.410233978657004773e+05,2.328338081042537815e+05,2.400616917087664187e+05,2.042308618701531959e+05,5.444485970674273558e+05,1.692311816491105128e+05,3.738333954016441712e+05,5.440670527895751875e+05,9.599730491638183594e+00,1.529837548732757568e-01,6.119350194931030273e-01,2.058700000000000000e+04
1.764439412215887547e+09,2.409942288391863112e+05,2.328041026358726667e+05,2.400212574030467658e+05,2.041971330877701403e+05,5.445105561030574609e+05,1.691912837852578086e+05,3.738112001194000477e+05,5.441290118252052926e+05,9.599730491638183594e+00,1.529837548732757568e-01,6.119350194931030273e-01,2.058800000000000000e+04
1.764439412219887495e+09,2.409503076613316371e+05,2.328028285864387290e+05,2.400041583185384807e+05,2.041907628406003641e+05,5.444175504943788983e+05,1.691757940263502824e+05,3.737804217672850937e+05,5.440362744374602335e+05,9.599730491638183594e+00,1.529837548732757568e-01,6.119350194931030273e-01,2.058900000000000000e+04
1.764439412223887444e+09,2.409128237858800858e+05,2.328095341097753262e+05,2.399967151876348653e+05,2.041915675034007581e+05,5.443143524902287172e+05,1.691729106513155275e+05,3.737525938454382122e+05,5.439328082123766653e+05,9.599730491638183594e+00,1.529837548732757568e-01,6.119350194931030273e-01,2.059000000000000000e+04
1.764439412227887630e+09,2.408890191780351743e+05,2.328002134323374485e+05,2.399798843240599963e+05,2.041790281747613335e+05,5.443066411383916857e+05,1.691584937761418696e+05,3.737333489934622194e+05,5.439250968605396338e+05,9.599730491638183594e+00,1.529837548732757568e-01,6.119350194931030273e-01,2.059100000000000000e+04
1.764439412231887579e+09,2.408758092970621074e+05,2.327709773505899066e+05,2.399391817974068981e+05,2.041397338080088957e+05,5.444286816631176043e+05,1.691143714325870969e+05,3.737205414438893204e+05,5.440462656672317535e+05,9.676221847534179688e+00,0.000000000000000000e+00,6.884268522262573242e-01,2.059200000000000000e+04
1.764439412235887527e+09,2.408469084914813866e+05,2.327399307775414782e+05,2.398987474916872452e+05,2.041017134906904248e+05,5.444914453615481034e+05,1.690747417896678380e+05,3.736988826035121456e+05,5.441090293656622525e+05,9.676221847534179688e+00,0.000000000000000000e+00,6.884268522262573242e-01,2.059300000000000000e+04
1.764439412239887476e+09,2.408045966392275004e+05,2.327354380769059644e+05,2.398859399421143462e+05,2.040923928132525471e+05,5.444000490784704452e+05,1.690603249144941510e+05,3.736689089141975855e+05,5.440179013035179814e+05,9.676221847534179688e+00,0.000000000000000000e+00,6.884268522262573242e-01,2.059400000000000000e+04
1.764439412243887663e+09,2.407679174265763140e+05,2.327416071583756420e+05,2.398795696949445992e+05,2.040911187638186093e+05,5.442995332836548332e+05,1.690528817835905356e+05,3.736418856551510980e+05,5.439173855087024858e+05,9.676221847534179688e+00,0.000000000000000000e+00,6.884268522262573242e-01,2.059500000000000000e+04
1.764439412247887611e+09,2.407449174815318256e+05,2.327285313878692687e+05,2.398659574825713062e+05,2.040753607839776087e+05,5.443054341441910947e+05,1.690363191409491701e+05,3.736226408031751052e+05,5.439232863692387473e+05,9.676221847534179688e+00,0.000000000000000000e+00,6.884268522262573242e-01,2.059600000000000000e+04
1.764439412251887560e+09,2.407310370482250582e+05,2.326926568380185054e+05,2.398268642815189669e+05,2.040359993619918241e+05,5.444341801922536688e+05,1.689999081492314581e+05,3.736058099396002362e+05,5.440517641963678179e+05,9.676221847534179688e+00,0.000000000000000000e+00,6.884268522262573242e-01,2.059700000000000000e+04
1.764439412255887508e+09,2.406978447077089513e+05,2.326554411835004285e+05,2.397832113245977671e+05,2.039963697190725652e+05,5.444953345650833799e+05,1.689605467272456735e+05,3.735803960061545367e+05,5.441131867901310325e+05,9.676221847534179688e+00,0.000000000000000000e+00,6.884268522262573242e-01,2.059800000000000000e+04
1.764439412259887457e+09,2.406515095414530952e+05,2.326445111804617918e+05,2.397655757982225332e+05,2.039811481810984842e+05,5.444025971773383208e+05,1.689378150031346304e+05,3.735463990028380649e+05,5.440201811814524699e+05,9.676221847534179688e+00,0.000000000000000000e+00,6.884268522262573242e-01,2.059900000000000000e+04
1.764439412263887644e+09,2.406113434566669166e+05,2.326424324682274309e+05,2.397573280045185238e+05,2.039747779339287372e+05,5.442959123010531766e+05,1.689247392326282570e+05,3.735134748832553742e+05,5.439140327470342163e+05,9.676221847534179688e+00,0.000000000000000000e+00,6.884268522262573242e-01,2.060000000000000000e+04
1.764439412267887592e+09,2.405851248604207940e+05,2.326239922790518031e+05,2.397388878153428959e+05,2.039531190935515333e+05,5.442823000886798836e+05,1.689028121713176079e+05,3.734894020544770174e+05,5.439004205346609233e+05,9.676221847534179688e+00,0.000000000000000000e+00,6.884268522262573242e-01,2.060100000000000000e+04
1.764439412271887541e+09,2.405688304387128737e+05,2.325854355198664125e+05,2.396955030793551414e+05,2.039054428226283635e+05,5.443981715319361538e+05,1.688545994585275184e+05,3.734704254234344698e+05,5.440162919779171934e+05,9.676221847534179688e+00,0.000000000000000000e+00,6.884268522262573242e-01,2.060200000000000000e+04
1.764439412275887489e+09,2.405391249703317881e+05,2.325468787606809929e+05,2.396502407968331536e+05,2.038604487610398501e+05,5.444571801372981863e+05,1.688066549666708743e+05,3.734493030249241856e+05,5.440747641414123354e+05,9.676221847534179688e+00,0.000000000000000000e+00,6.884268522262573242e-01,2.060300000000000000e+04
1.764439412279887438e+09,2.404938626878097712e+05,2.325340712111081230e+05,2.396264361889882421e+05,2.038476412114669511e+05,5.443612240983515512e+05,1.687884829984287207e+05,3.734195975565430708e+05,5.439793445443325909e+05,9.676221847534179688e+00,0.000000000000000000e+00,6.884268522262573242e-01,2.060400000000000000e+04
1.764439412283887625e+09,2.404510143936889654e+05,2.325295785104726092e+05,2.396138968603488174e+05,2.038452942782991449e+05,5.442550756639332976e+05,1.687829174140593386e+05,3.733877463206942775e+05,5.438729278889809502e+05,9.676221847534179688e+00,0.000000000000000000e+00,6.884268522262573242e-01,2.060500000000000000e+04
1.764439412287887573e+09,2.404250640183763462e+05,2.325159662980993162e+05,2.395994799851751304e+05,2.038257812053896487e+05,5.442462914283623686e+05,1.687564305968797999e+05,3.733623323872485780e+05,5.438644118743434083e+05,9.676221847534179688e+00,0.000000000000000000e+00,6.884268522262573242e-01,2.060600000000000000e+04
1.764439412291887522e+09,2.404093060385353456e+05,2.324787506435812393e+05,2.395622643306570535e+05,2.037815918066015292e+05,5.443651133018867113e+05,1.687087543259566301e+05,3.733422828724721912e+05,5.439829655269343639e+05,9.676221847534179688e+00,0.000000000000000000e+00,6.884268522262573242e-01,2.060700000000000000e+04
1.764439412295887470e+09,2.403766501398861583e+05,2.324407303262627393e+05,2.395183431528023793e+05,2.037424986055491900e+05,5.444265358956499258e+05,1.686661742527692695e+05,3.733174053808934405e+05,5.440441198997640749e+05,9.676221847534179688e+00,0.000000000000000000e+00,6.884268522262573242e-01,2.060800000000000000e+04
1.764439412299887657e+09,2.403313878573641705e+05,2.324306049860244966e+05,2.394988300798928831e+05,2.037307639397101593e+05,5.443313845195036847e+05,1.686461247379928827e+05,3.732839448194438010e+05,5.439492367445513373e+05,9.676221847534179688e+00,0.000000000000000000e+00,6.884268522262573242e-01,2.060900000000000000e+04
1.764439412303887606e+09,2.402922946563118312e+05,2.324287944947236101e+05,2.394895094024550344e+05,2.037286852274757985e+05,5.442257725269523216e+05,1.686376087233553990e+05,3.732526300254619564e+05,5.438438929729334777e+05,9.676221847534179688e+00,0.000000000000000000e+00,6.884268522262573242e-01,2.061000000000000000e+04
1.764439412307887554e+09,2.402695629322007881e+05,2.324141093986164778e+05,2.394726785388801945e+05,2.037086357126994117e+05,5.442172565123148961e+05,1.686124630108431738e+05,3.732288254176170449e+05,5.438356451792294392e+05,9.676221847534179688e+00,0.000000000000000000e+00,6.884268522262573242e-01,2.061100000000000000e+04
1.764439412311887503e+09,2.402559507198274950e+05,2.323717975463625917e+05,2.394349264424951689e+05,2.036596183371088991e+05,5.443358101649058517e+05,1.685629091933857708e+05,3.732093123447075486e+05,5.439539306108868914e+05,9.676221847534179688e+00,0.000000000000000000e+00,6.884268522262573242e-01,2.061200000000000000e+04
1.764439412315887451e+09,2.402254405886460154e+05,2.323310950197094644e+05,2.393947603577089903e+05,2.036151607173873053e+05,5.443980374214694602e+05,1.685163058061964402e+05,3.731857759577961406e+05,5.440161578674504999e+05,9.676221847534179688e+00,0.000000000000000000e+00,6.884268522262573242e-01,2.061300000000000000e+04
1.764439412319887638e+09,2.401817876317247865e+05,2.323215061213381414e+05,2.393747108429325745e+05,2.036004756212801731e+05,5.443044953709240071e+05,1.684965245123534987e+05,3.731512425126126618e+05,5.439228840378385503e+05,9.676221847534179688e+00,0.000000000000000000e+00,6.884268522262573242e-01,2.061400000000000000e+04
1.764439412323887587e+09,2.401418897678720823e+05,2.323205002928376489e+05,2.393656583864281711e+05,2.035954464787777397e+05,5.441964693899714621e+05,1.684888131605164090e+05,3.731156361836953438e+05,5.438148580568860052e+05,9.676221847534179688e+00,0.000000000000000000e+00,6.884268522262573242e-01,2.061500000000000000e+04
1.764439412327887535e+09,2.401145982878921495e+05,2.322999143361943134e+05,2.393469499763190979e+05,2.035751287430678494e+05,5.441823207357312785e+05,1.684706411922742554e+05,3.730934409014512203e+05,5.438004411817123182e+05,9.676221847534179688e+00,0.000000000000000000e+00,6.884268522262573242e-01,2.061600000000000000e+04
1.764439412331887484e+09,2.400977674243172805e+05,2.322594800304746605e+05,2.393100025427344663e+05,2.035322804489470145e+05,5.442976557371206582e+05,1.684302068865546025e+05,3.730776829216102487e+05,5.439157761831016978e+05,9.676221847534179688e+00,0.000000000000000000e+00,6.884268522262573242e-01,2.061700000000000000e+04
1.764439412335887432e+09,2.400731581536720041e+05,2.322270923527589184e+05,2.392730551091498346e+05,2.034934554688281496e+05,5.443622969820853323e+05,1.683876268133672420e+05,3.730506596625637612e+05,5.439804174280664884e+05,9.676221847534179688e+00,0.000000000000000000e+00,6.884268522262573242e-01,2.061800000000000000e+04
1.764439412339887619e+09,2.400362107200873725e+05,2.322209232712892699e+05,2.392618568851777236e+05,2.034835983495233813e+05,5.442717053618080681e+05,1.683720699992263399e+05,3.730124381795452209e+05,5.438897587525557028e+05,9.484992027282714844e+00,3.824593871831893921e-02,6.501809358596801758e-01,2.061900000000000000e+04
1.764439412343887568e+09,2.399997997283696895e+05,2.322209232712892699e+05,2.392595099520099175e+05,2.034833971838232828e+05,5.441628747180551291e+05,1.683686501823246945e+05,3.729803187227629242e+05,5.437809281088028802e+05,9.484992027282714844e+00,3.824593871831893921e-02,6.501809358596801758e-01,2.062000000000000000e+04
1.764439412347887516e+09,2.399770680042586464e+05,2.322016784193132480e+05,2.392467024024370476e+05,2.034654934365145746e+05,5.441492625056818360e+05,1.683561108536852698e+05,3.729634878591881134e+05,5.437673158964295872e+05,9.484992027282714844e+00,3.824593871831893921e-02,6.501809358596801758e-01,2.062100000000000000e+04
1.764439412351887465e+09,2.399621146872180398e+05,2.321596347879928071e+05,2.392089503060520219e+05,2.034188900493252440e+05,5.442664750536055071e+05,1.683159447688990913e+05,3.729552400654840749e+05,5.438845284443531418e+05,9.484992027282714844e+00,3.824593871831893921e-02,6.501809358596801758e-01,2.062200000000000000e+04
1.764439412355887651e+09,2.399348232072381070e+05,2.321224191334747302e+05,2.391744168608685723e+05,2.033760417552044382e+05,5.443287023101689992e+05,1.682698778235766804e+05,3.729405549693769426e+05,5.439467557009167504e+05,9.484992027282714844e+00,3.824593871831893921e-02,6.501809358596801758e-01,2.062300000000000000e+04
1.764439412359887600e+09,2.398951935643188481e+05,2.321147077816376404e+05,2.391626821950295416e+05,2.033645753102988529e+05,5.442365013642909471e+05,1.682503647506672132e+05,3.729084355125946458e+05,5.438545547550385818e+05,9.484992027282714844e+00,3.824593871831893921e-02,6.501809358596801758e-01,2.062400000000000000e+04
1.764439412363887548e+09,2.398638787703369744e+05,2.321176582119057421e+05,2.391584577153274731e+05,2.033648435312323272e+05,5.441300847089391900e+05,1.682469449337655387e+05,3.728696105324758100e+05,5.437478698787534377e+05,9.484992027282714844e+00,3.824593871831893921e-02,6.501809358596801758e-01,2.062500000000000000e+04
1.764439412367887497e+09,2.398489254532963678e+05,2.321096786391352070e+05,2.391445772820207349e+05,2.033517677607259830e+05,5.441199593687009765e+05,1.682263589771222032e+05,3.728366864128931193e+05,5.437380127594486112e+05,9.484992027282714844e+00,3.824593871831893921e-02,6.501809358596801758e-01,2.062600000000000000e+04
1.764439412371887445e+09,2.398404094386588840e+05,2.320770227404859907e+05,2.391095073949703656e+05,2.033086512456716737e+05,5.442395859050257131e+05,1.681808284736667410e+05,3.728118089213143685e+05,5.438576392957734643e+05,9.484992027282714844e+00,3.824593871831893921e-02,6.501809358596801758e-01,2.062700000000000000e+04
1.764439412375887632e+09,2.398141908424128196e+05,2.320411481906352274e+05,2.390709506357849459e+05,2.032698262655528088e+05,5.443039589290570002e+05,1.681401259470136429e+05,3.727842492204009905e+05,5.439220123198047513e+05,9.484992027282714844e+00,3.824593871831893921e-02,6.501809358596801758e-01,2.062800000000000000e+04
1.764439412379887581e+09,2.397737565366931667e+05,2.320329003969312180e+05,2.390592159699459153e+05,2.032642606811834557e+05,5.442133673087796196e+05,1.681308052695757651e+05,3.727502522170844604e+05,5.438311524785939837e+05,9.484992027282714844e+00,3.824593871831893921e-02,6.501809358596801758e-01,2.062900000000000000e+04
1.764439412383887529e+09,2.397427099636447383e+05,2.320353143853324000e+05,2.390597524118128349e+05,2.032672111114515574e+05,5.441090964208956575e+05,1.681337556998438668e+05,3.727178645393687184e+05,5.437268815907099051e+05,9.484992027282714844e+00,3.824593871831893921e-02,6.501809358596801758e-01,2.063000000000000000e+04
1.764439412387887478e+09,2.397280248675376060e+05,2.320200928473583190e+05,2.390528457227761683e+05,2.032517213525440311e+05,5.440981664178570500e+05,1.681196070456036541e+05,3.726972785827253829e+05,5.437159515876712976e+05,9.484992027282714844e+00,3.824593871831893921e-02,6.501809358596801758e-01,2.063100000000000000e+04
1.764439412391887665e+09,2.397205817366339907e+05,2.319836818556406361e+05,2.390191169403931126e+05,2.032075319537558535e+05,5.442199387216495816e+05,1.680748812049485568e+05,3.726817888238178566e+05,5.438377238914638292e+05,9.484992027282714844e+00,3.824593871831893921e-02,6.501809358596801758e-01,2.063200000000000000e+04
1.764439412395887613e+09,2.396946313613213715e+05,2.319459297592556395e+05,2.389800237393407733e+05,2.031673658689696749e+05,5.442805566526122857e+05,1.680376655504304799e+05,3.726593253206402878e+05,5.438980736014931463e+05,9.484992027282714844e+00,3.824593871831893921e-02,6.501809358596801758e-01,2.063300000000000000e+04
1.764439412399887562e+09,2.396536606137347990e+05,2.319358044190173678e+05,2.389639975385663274e+05,2.031567040868644835e+05,5.441875510439338395e+05,1.680256626636579749e+05,3.726290834103922243e+05,5.438047997718810802e+05,9.484992027282714844e+00,3.824593871831893921e-02,6.501809358596801758e-01,2.063400000000000000e+04
1.764439412403887510e+09,2.396167131801501673e+05,2.319371455236846814e+05,2.389603095007311786e+05,2.031569723077979579e+05,5.440830119351163739e+05,1.680246568351574824e+05,3.726012554885454010e+05,5.437005288839971181e+05,9.484992027282714844e+00,3.824593871831893921e-02,6.501809358596801758e-01,2.063500000000000000e+04
1.764439412407887459e+09,2.395942496769725985e+05,2.319205828810433159e+05,2.389475019511583087e+05,2.031425554326242709e+05,5.440720819320776500e+05,1.680121175065180578e+05,3.725844246249705320e+05,5.436893306600250071e+05,9.484992027282714844e+00,3.824593871831893921e-02,6.501809358596801758e-01,2.063600000000000000e+04
1.764439412411887646e+09,2.395811739064662543e+05,2.318833672265252098e+05,2.389116274013075163e+05,2.030975613710357284e+05,5.441876851544005331e+05,1.679660505611956760e+05,3.725724217381980270e+05,5.438049338823478902e+05,9.484992027282714844e+00,3.824593871831893921e-02,6.501809358596801758e-01,2.063700000000000000e+04
1.764439412415887594e+09,2.395522731008855335e+05,2.318458833510736586e+05,2.388695837699871045e+05,2.030581999490499438e+05,5.442504488528310321e+05,1.679253480345425778e+05,3.725545179908893188e+05,5.438674293598448858e+05,9.484992027282714844e+00,3.824593871831893921e-02,6.501809358596801758e-01,2.063800000000000000e+04
1.764439412419887543e+09,2.395088883648977790e+05,2.318384402201700432e+05,2.388573126622811251e+05,2.030478063878782268e+05,5.441577114650859730e+05,1.679058349616330815e+05,3.725248125225082622e+05,5.437749601930333301e+05,9.484992027282714844e+00,3.824593871831893921e-02,6.501809358596801758e-01,2.063900000000000000e+04
1.764439412423887491e+09,2.394746231406478037e+05,2.318395131039039115e+05,2.388610677553496207e+05,2.030457276756438951e+05,5.440488808213330340e+05,1.678949049585944449e+05,3.724951070541271474e+05,5.436663977702138945e+05,9.484992027282714844e+00,3.824593871831893921e-02,6.501809358596801758e-01,2.064000000000000000e+04
1.764439412427887440e+09,2.394580604980064090e+05,2.318221457984621229e+05,2.388520152988452173e+05,2.030270192655347928e+05,5.440344639461593470e+05,1.678761965484853426e+05,3.724774715277518844e+05,5.436519808950402075e+05,9.484992027282714844e+00,3.824593871831893921e-02,6.501809358596801758e-01,2.064100000000000000e+04
1.764439412431887627e+09,2.394516902508366620e+05,2.317862712486113305e+05,2.388190911792625557e+05,2.029822934248797246e+05,5.441524811568834120e+05,1.678301296031629608e+05,3.724633228735117009e+05,5.437702663266976597e+05,9.484992027282714844e+00,3.824593871831893921e-02,6.501809358596801758e-01,2.064200000000000000e+04
1.764439412435887575e+09,2.394335182825944794e+05,2.317544200127625372e+05,2.387813390828775591e+05,2.029434684447608597e+05,5.442184635065154871e+05,1.677851355415744183e+05,3.724341538469975349e+05,5.438362486763297347e+05,9.484992027282714844e+00,3.824593871831893921e-02,6.501809358596801758e-01,2.064300000000000000e+04
1.764439412439887524e+09,2.393965708490098768e+05,2.317413442422561639e+05,2.387634353355688509e+05,2.029314655579883547e+05,5.441265307815708220e+05,1.677723279920015484e+05,3.723964017506124801e+05,5.437443159513850696e+05,9.484992027282714844e+00,3.824593871831893921e-02,6.501809358596801758e-01,2.064400000000000000e+04
1.764439412443887472e+09,2.393585505316913768e+05,2.317355104369533365e+05,2.387565286465321551e+05,2.029283139620201546e+05,5.440177001378178829e+05,1.677670306285656407e+05,3.723632094100964023e+05,5.436357535285656340e+05,9.484992027282714844e+00,3.824593871831893921e-02,6.501809358596801758e-01,2.064500000000000000e+04
1.764439412447887659e+09,2.393360870285138080e+05,2.317159973640438693e+05,2.387453304225600441e+05,2.029096055519110523e+05,5.440032832626441959e+05,1.677448353463215171e+05,3.723391365813179873e+05,5.436210684324584436e+05,9.484992027282714844e+00,3.824593871831893921e-02,6.501809358596801758e-01,2.064600000000000000e+04
1.764439412451887608e+09,2.393243523626747774e+05,2.316731490699230344e+05,2.387078465471084928e+05,2.028611246181875176e+05,5.441180818221666850e+05,1.676960861916644790e+05,3.723223057177431765e+05,5.437361352129144361e+05,9.484992027282714844e+00,3.824593871831893921e-02,6.501809358596801758e-01,2.064700000000000000e+04
1.764439412455887556e+09,2.392978655454952386e+05,2.316313736595360679e+05,2.386649982529876870e+05,2.028150576728651067e+05,5.441813819624640746e+05,1.676484099207413092e+05,3.722971600052309223e+05,5.437999717950787162e+05,9.484992027282714844e+00,3.824593871831893921e-02,6.501809358596801758e-01,2.064800000000000000e+04
1.764439412459887505e+09,2.392547490304409584e+05,2.316140063540942792e+05,2.386478991684793727e+05,2.027990314720906608e+05,5.440897174584529130e+05,1.676318472780999437e+05,3.722623583391140564e+05,5.437080390701340511e+05,9.484992027282714844e+00,3.824593871831893921e-02,6.501809358596801758e-01,2.064900000000000000e+04
1.764439412463887453e+09,2.392182039282565238e+05,2.316103183162591595e+05,2.386459545667117636e+05,2.027976903674233472e+05,5.439871229514030274e+05,1.676286286268983677e+05,3.722299706613983144e+05,5.436054445630842820e+05,9.714468002319335938e+00,0.000000000000000000e+00,7.266727685928344727e-01,2.065000000000000000e+04
1.764439412467887640e+09,2.391997637390808959e+05,2.315910734642831376e+05,2.386336834590057842e+05,2.027797866201146389e+05,5.439737789599632379e+05,1.676134070889243158e+05,3.722072389372872422e+05,5.435921005716443760e+05,9.714468002319335938e+00,0.000000000000000000e+00,7.266727685928344727e-01,2.065100000000000000e+04
1.764439412471887589e+09,2.391853468639072089e+05,2.315474205073619378e+05,2.385932491532861313e+05,2.027339878957257315e+05,5.441038661126930965e+05,1.675729727832046628e+05,3.721930902830470586e+05,5.437216512825073441e+05,9.714468002319335938e+00,0.000000000000000000e+00,7.266727685928344727e-01,2.065200000000000000e+04
1.764439412475887537e+09,2.391593964885946189e+05,2.315069862016422849e+05,2.385549606150341860e+05,2.026903349388045026e+05,5.441918425788691966e+05,1.675301244890838279e+05,3.721706267798694316e+05,5.438096277486834442e+05,9.714468002319335938e+00,0.000000000000000000e+00,7.266727685928344727e-01,2.065300000000000000e+04
1.764439412479887486e+09,2.391235219387438265e+05,2.314965926404705679e+05,2.385429577282617101e+05,2.026777956101650780e+05,5.441127844587308355e+05,1.675116842999082000e+05,3.721358251137525658e+05,5.437303014076115796e+05,9.714468002319335938e+00,0.000000000000000000e+00,7.266727685928344727e-01,2.065400000000000000e+04
1.764439412483887434e+09,2.390916707028950332e+05,2.314947821491696814e+05,2.385424883416281373e+05,2.026751804560637975e+05,5.440058313615121879e+05,1.675053140527384530e+05,3.721026327732364298e+05,5.436236165313264355e+05,9.714468002319335938e+00,0.000000000000000000e+00,7.266727685928344727e-01,2.065500000000000000e+04
1.764439412487887621e+09,2.390761809439875069e+05,2.314806334949294687e+05,2.385382638619260979e+05,2.026588860343558772e+05,5.439895369398042094e+05,1.674849963170285628e+05,3.720793646072584088e+05,5.436075903305519605e+05,9.714468002319335938e+00,0.000000000000000000e+00,7.266727685928344727e-01,2.065600000000000000e+04
1.764439412491887569e+09,2.390682013712169428e+05,2.314447589450787054e+05,2.385080219516780635e+05,2.026171106239689107e+05,5.441051401621270925e+05,1.674426844647746766e+05,3.720617290808832040e+05,5.437226571110078366e+05,9.714468002319335938e+00,0.000000000000000000e+00,7.266727685928344727e-01,2.065700000000000000e+04
1.764439412495887518e+09,2.390468107517732133e+05,2.314083479533610225e+05,2.384742931692950078e+05,2.025801631903843081e+05,5.441695131861583795e+05,1.674081510195912269e+05,3.720406066823729197e+05,5.437867619141057367e+05,9.714468002319335938e+00,0.000000000000000000e+00,7.266727685928344727e-01,2.065800000000000000e+04
1.764439412499887466e+09,2.390114726437893987e+05,2.314025141480581660e+05,2.384663135965244437e+05,2.025751340478818456e+05,5.440845542054837570e+05,1.673964163537521963e+05,3.720106329930583597e+05,5.437020711543645011e+05,9.714468002319335938e+00,0.000000000000000000e+00,7.266727685928344727e-01,2.065900000000000000e+04
1.764439412503887653e+09,2.389841811638094659e+05,2.314124383225963393e+05,2.384738237826614350e+05,2.025783526990834216e+05,5.439810879804000724e+05,1.673897778856489749e+05,3.719790499781430117e+05,5.435988731502144365e+05,9.714468002319335938e+00,0.000000000000000000e+00,7.266727685928344727e-01,2.066000000000000000e+04
1.764439412507887602e+09,2.389716418351700413e+05,2.314009718776907539e+05,2.384701357448263152e+05,2.025660815913774422e+05,5.439672075470933923e+05,1.673777749988764699e+05,3.719606097889674129e+05,5.435849927169076400e+05,9.714468002319335938e+00,0.000000000000000000e+00,7.266727685928344727e-01,2.066100000000000000e+04
1.764439412511887550e+09,2.389666126926675788e+05,2.313650973278399906e+05,2.384406984973786748e+05,2.025251108437908697e+05,5.440825425484827720e+05,1.673389500187576050e+05,3.719504844487291411e+05,5.437000594973635161e+05,9.714468002319335938e+00,0.000000000000000000e+00,7.266727685928344727e-01,2.066200000000000000e+04
1.764439412515887499e+09,2.389460267360242433e+05,2.313294909989227017e+05,2.384067014940621448e+05,2.024876269683393184e+05,5.441501342237156350e+05,1.673006614805056597e+05,3.719325807014204329e+05,5.437673829516629921e+05,9.714468002319335938e+00,0.000000000000000000e+00,7.266727685928344727e-01,2.066300000000000000e+04
1.764439412519887447e+09,2.389133708373750560e+05,2.313247300773537136e+05,2.383987219212915807e+05,2.024791109537018638e+05,5.440616883709059330e+05,1.672803437447957695e+05,3.719058256633074488e+05,5.436786688779197866e+05,9.714468002319335938e+00,0.000000000000000000e+00,7.266727685928344727e-01,2.066400000000000000e+04
1.764439412523887634e+09,2.388842018108608609e+05,2.313308991588233912e+05,2.384024770143600763e+05,2.024834024886372790e+05,5.439568810411550803e+05,1.672769239278941241e+05,3.718782659623940126e+05,5.435741297691023210e+05,9.714468002319335938e+00,0.000000000000000000e+00,7.266727685928344727e-01,2.066500000000000000e+04
1.764439412527887583e+09,2.388687120519533346e+05,2.313221149232524331e+05,2.383971796509241685e+05,2.024759593577336636e+05,5.439424641659813933e+05,1.672689443551235599e+05,3.718595575522849686e+05,5.435599811148621375e+05,9.714468002319335938e+00,0.000000000000000000e+00,7.266727685928344727e-01,2.066600000000000000e+04
1.764439412531887531e+09,2.388636829094509012e+05,2.312934823386051867e+05,2.383653284150753461e+05,2.024414259125502140e+05,5.440561898417699849e+05,1.672346791308735847e+05,3.718475546655124635e+05,5.436739750115842326e+05,9.714468002319335938e+00,0.000000000000000000e+00,7.266727685928344727e-01,2.066700000000000000e+04
1.764439412535887480e+09,2.388439016156079597e+05,2.312667273004922026e+05,2.383313314117588161e+05,2.024098428976348659e+05,5.441253908426036360e+05,1.671998774647566606e+05,3.718331377903387765e+05,5.437431760124178836e+05,9.714468002319335938e+00,0.000000000000000000e+00,7.266727685928344727e-01,2.066800000000000000e+04
1.764439412539887667e+09,2.388115139378922177e+05,2.312633074835905281e+05,2.383236200599217555e+05,2.024066913016666658e+05,5.440374814316608245e+05,1.671918978919861256e+05,3.718045052056915010e+05,5.436549983805416850e+05,9.714468002319335938e+00,0.000000000000000000e+00,7.266727685928344727e-01,2.066900000000000000e+04
1.764439412543887615e+09,2.387844906788457592e+05,2.312675990185259434e+05,2.383276433739236963e+05,2.024096417319347674e+05,5.439305283344421769e+05,1.671906238425521879e+05,3.717812370397135383e+05,5.435485817251899280e+05,9.714468002319335938e+00,0.000000000000000000e+00,7.266727685928344727e-01,2.067000000000000000e+04
1.764439412547887564e+09,2.387723536816065025e+05,2.312599547219222295e+05,2.383202672982534568e+05,2.023990470050629519e+05,5.439150385755347088e+05,1.671780845139127632e+05,3.717672895511734532e+05,5.435338295738494489e+05,9.637976646423339844e+00,3.059675097465515137e-01,6.119350194931030273e-01,2.067100000000000000e+04
1.764439412551887512e+09,2.387667880972371495e+05,2.312323950210088515e+05,2.382889525042715541e+05,2.023626360133452399e+05,5.440309100187909789e+05,1.671406006384612119e+05,3.717536773388001602e+05,5.436497010171057191e+05,9.637976646423339844e+00,3.059675097465515137e-01,6.119350194931030273e-01,2.067200000000000000e+04
1.764439412555887461e+09,2.387521030011300172e+05,2.312053717619623640e+05,2.382589788149569940e+05,2.023294436728291330e+05,5.440976970312234480e+05,1.670969476815399830e+05,3.717322867193564307e+05,5.437164880295381881e+05,9.637976646423339844e+00,3.059675097465515137e-01,6.119350194931030273e-01,2.067300000000000000e+04
1.764439412559887648e+09,2.387221293118154281e+05,2.312016837241272442e+05,2.382512674631199334e+05,2.023244145303266705e+05,5.440178342482846929e+05,1.670844083529005584e+05,3.717055316812434467e+05,5.436363570256659295e+05,9.637976646423339844e+00,3.059675097465515137e-01,6.119350194931030273e-01,2.067400000000000000e+04
1.764439412563887596e+09,2.386959107155693637e+05,2.312110714567984687e+05,2.382534132305876410e+05,2.023313882745967421e+05,5.439326070466765668e+05,1.670881634459690540e+05,3.716806541896646959e+05,5.435513980449913070e+05,9.637976646423339844e+00,3.059675097465515137e-01,6.119350194931030273e-01,2.067500000000000000e+04
1.764439412567887545e+09,2.386841760497303330e+05,2.312068469770964293e+05,2.382489205299521273e+05,2.023242133646265720e+05,5.439230181483052438e+05,1.670777698847973370e+05,3.716646279888902209e+05,5.435420773675534874e+05,9.637976646423339844e+00,3.059675097465515137e-01,6.119350194931030273e-01,2.067600000000000000e+04
1.764439412571887493e+09,2.386807562328286585e+05,2.311782143924491829e+05,2.382240430383733474e+05,2.022880705938423635e+05,5.440404989171623020e+05,1.670400177884123113e+05,3.716569166370531311e+05,5.436595581364105456e+05,9.637976646423339844e+00,3.059675097465515137e-01,6.119350194931030273e-01,2.067700000000000000e+04
1.764439412575887442e+09,2.386655346948546066e+05,2.311485089240680682e+05,2.381940693490587873e+05,2.022535371486589138e+05,5.441121139063971350e+05,1.670028021338942344e+05,3.716443773084137356e+05,5.437309049047118751e+05,9.637976646423339844e+00,3.059675097465515137e-01,6.119350194931030273e-01,2.067800000000000000e+04
1.764439412579887629e+09,2.386360974474069662e+05,2.311456255490333424e+05,2.381855533344213327e+05,2.022533359829588153e+05,5.440231316117205424e+05,1.669975047704583267e+05,3.716165493865668541e+05,5.436421908309687860e+05,9.637976646423339844e+00,3.059675097465515137e-01,6.119350194931030273e-01,2.067900000000000000e+04
1.764439412583887577e+09,2.386085377464935591e+05,2.311539403979707276e+05,2.381874308809555660e+05,2.022613826109627262e+05,5.439180560610361863e+05,1.669999187588595087e+05,3.715863074763188488e+05,5.435373835012178170e+05,9.637976646423339844e+00,3.059675097465515137e-01,6.119350194931030273e-01,2.068000000000000000e+04
1.764439412587887526e+09,2.385949255341202952e+05,2.311448879414663243e+05,2.381834746221869718e+05,2.022499161660571408e+05,5.439055167323966743e+05,1.669833561162181140e+05,3.715667944034093525e+05,5.435248441725784214e+05,9.637976646423339844e+00,3.059675097465515137e-01,6.119350194931030273e-01,2.068100000000000000e+04
1.764439412591887474e+09,2.385909692753517011e+05,2.311130367056175019e+05,2.381537691538058862e+05,2.022116276278051955e+05,5.440246068268546369e+05,1.669447993570327235e+05,3.715542550747698988e+05,5.436436660461027641e+05,9.637976646423339844e+00,3.059675097465515137e-01,6.119350194931030273e-01,2.068200000000000000e+04
1.764439412595887661e+09,2.385727973071095475e+05,2.310825265744360222e+05,2.381235272435578518e+05,2.021803128338233219e+05,5.440978311416901415e+05,1.669108023537161935e+05,3.715384970949289273e+05,5.437166221400048817e+05,9.637976646423339844e+00,3.059675097465515137e-01,6.119350194931030273e-01,2.068300000000000000e+04
1.764439412599887609e+09,2.385396049665934115e+05,2.310827947953694675e+05,2.381147430079868936e+05,2.021808492756902415e+05,5.440072395214128774e+05,1.669057732112137601e+05,3.715138878242836217e+05,5.436260305197276175e+05,9.637976646423339844e+00,3.059675097465515137e-01,6.119350194931030273e-01,2.068400000000000000e+04
1.764439412603887558e+09,2.385123134866134787e+05,2.310900367605729843e+05,2.381176934382549953e+05,2.021872865780933644e+05,5.438992135404603323e+05,1.669119422926834086e+05,3.714887421117714257e+05,5.435185409806419630e+05,9.637976646423339844e+00,3.059675097465515137e-01,6.119350194931030273e-01,2.068500000000000000e+04
1.764439412607887506e+09,2.384992377161071345e+05,2.310820571878024493e+05,2.381153465050871891e+05,2.021785023425224354e+05,5.438869424327543238e+05,1.669039627199128736e+05,3.714729841319303960e+05,5.435060016520025674e+05,9.637976646423339844e+00,3.059675097465515137e-01,6.119350194931030273e-01,2.068600000000000000e+04
1.764439412611887455e+09,2.384958178992054600e+05,2.310523517194213346e+05,2.380885914669742051e+05,2.021442371182724601e+05,5.440033503178776009e+05,1.668705021584632632e+05,3.714660774428937002e+05,5.436221413161923410e+05,9.637976646423339844e+00,3.059675097465515137e-01,6.119350194931030273e-01,2.068700000000000000e+04
1.764439412615887642e+09,2.384792552565640653e+05,2.310242555766410369e+05,2.380599588823269587e+05,2.021139952080244257e+05,5.440704055512435734e+05,1.668402602482152579e+05,3.714530016723873559e+05,5.436894647704917006e+05,9.637976646423339844e+00,3.059675097465515137e-01,6.119350194931030273e-01,2.068800000000000000e+04
1.764439412619887590e+09,2.384484769044491113e+05,2.310261331231752702e+05,2.380560026235583646e+05,2.021142634289578709e+05,5.439849101287019439e+05,1.668352311057127954e+05,3.714310746110767359e+05,5.436039693479501875e+05,9.637976646423339844e+00,3.059675097465515137e-01,6.119350194931030273e-01,2.068900000000000000e+04
1.764439412623887539e+09,2.384257451803380682e+05,2.310382030651811219e+05,2.380640492515622755e+05,2.021239193825625698e+05,5.438825167873522732e+05,1.668392544197147654e+05,3.714110250963002909e+05,5.435013077856670134e+05,9.637976646423339844e+00,3.059675097465515137e-01,6.119350194931030273e-01,2.069000000000000000e+04
1.764439412627887487e+09,2.384164245029002195e+05,2.310347832482794765e+05,2.380614340974609950e+05,2.021199631237939757e+05,5.438683681331119733e+05,1.668326159516115149e+05,3.714003633141951286e+05,5.434874273523602169e+05,9.637976646423339844e+00,3.059675097465515137e-01,6.119350194931030273e-01,2.069100000000000000e+04
1.764439412631887436e+09,2.384169609447671392e+05,2.310104421985676454e+05,2.380389705942834262e+05,2.020883801088786277e+05,5.439874582275699358e+05,1.667994236110954080e+05,3.713923837414245936e+05,5.436065174468180630e+05,9.637976646423339844e+00,3.059675097465515137e-01,6.119350194931030273e-01,2.069200000000000000e+04
1.764439412635887623e+09,2.384065673835954221e+05,2.309879786953900475e+05,2.380127519980373327e+05,2.020594793032979360e+05,5.440606825424054405e+05,1.667648901659119583e+05,3.713755528778497246e+05,5.436794735407201806e+05,9.637976646423339844e+00,3.059675097465515137e-01,6.119350194931030273e-01,2.069300000000000000e+04
1.764439412639887571e+09,2.383773983570812270e+05,2.309890515791239159e+05,2.380053088671337173e+05,2.020557912654628162e+05,5.439757235617308179e+05,1.667571788140748686e+05,3.713522847118717618e+05,5.435945145600455580e+05,9.637976646423339844e+00,3.059675097465515137e-01,6.119350194931030273e-01,2.069400000000000000e+04
1.764439412643887520e+09,2.383519844236355275e+05,2.309997804164624540e+05,2.380069181927345053e+05,2.020603510213316767e+05,5.438698433482460678e+05,1.667574470350083429e+05,3.713287483249602374e+05,5.434886343465608079e+05,9.637976646423339844e+00,3.059675097465515137e-01,6.119350194931030273e-01,2.069500000000000000e+04
1.764439412647887468e+09,2.383408532548967924e+05,2.309929407826591341e+05,2.380004808903313824e+05,2.020502256810934341e+05,5.438571028539065737e+05,1.667464499767363304e+05,3.713135267869861564e+05,5.434760950179214124e+05,9.676221847534179688e+00,-1.147378161549568176e-01,7.266727685928344727e-01,2.069600000000000000e+04
1.764439412651887655e+09,2.383355558914608846e+05,2.309559933490745316e+05,2.379688978754160344e+05,2.020100595963072556e+05,5.439799480414328864e+05,1.667113800896859320e+05,3.713031332258144394e+05,5.435986719845143380e+05,9.676221847534179688e+00,-1.147378161549568176e-01,7.266727685928344727e-01,2.069700000000000000e+04
1.764439412655887604e+09,2.383189932488194900e+05,2.309201187992237392e+05,2.379408017326357076e+05,2.019757943720572512e+05,5.440574638912038645e+05,1.666781877491698251e+05,3.712860341413061251e+05,5.436761878342853161e+05,9.676221847534179688e+00,-1.147378161549568176e-01,7.266727685928344727e-01,2.069800000000000000e+04
1.764439412659887552e+09,2.382844598036360403e+05,2.309158943195216998e+05,2.379330903807986178e+05,2.019739838807563938e+05,5.439725049105292419e+05,1.666728903857339174e+05,3.712622295334612136e+05,5.435912288536106935e+05,9.676221847534179688e+00,-1.147378161549568176e-01,7.266727685928344727e-01,2.069900000000000000e+04
1.764439412663887501e+09,2.382515356840533786e+05,2.309325240173964412e+05,2.379296705638969725e+05,2.019841762762280123e+05,5.438709162319799652e+05,1.666793276881370402e+05,3.712397660302836448e+05,5.434896401750613004e+05,9.676221847534179688e+00,-1.147378161549568176e-01,7.266727685928344727e-01,2.070000000000000000e+04
1.764439412667887449e+09,2.382365823670127720e+05,2.309301770842286351e+05,2.379227638748602767e+05,2.019794153546590242e+05,5.438564993568062782e+05,1.666710798944330309e+05,3.712264220388437971e+05,5.434752232998876134e+05,9.676221847534179688e+00,-1.147378161549568176e-01,7.266727685928344727e-01,2.070100000000000000e+04
1.764439412671887636e+09,2.382326261082442070e+05,2.309044949298494903e+05,2.378946677320799499e+05,2.019454183513424941e+05,5.439737119047298329e+05,1.666311820305802976e+05,3.712200517916740500e+05,5.435924358478112845e+05,9.676221847534179688e+00,-1.147378161549568176e-01,7.266727685928344727e-01,2.070200000000000000e+04
1.764439412675887585e+09,2.382165999074697320e+05,2.308790809964038199e+05,2.378644258218319155e+05,2.019111531270925188e+05,5.440439857892973814e+05,1.665926252713949070e+05,3.712053666955669178e+05,5.436624415114452131e+05,9.676221847534179688e+00,-1.147378161549568176e-01,7.266727685928344727e-01,2.070300000000000000e+04
1.764439412679887533e+09,2.381850168925543840e+05,2.308780751679033274e+05,2.378585920165290881e+05,2.019082697520577640e+05,5.439579539248888614e+05,1.665849139195578173e+05,3.711791480993208243e+05,5.435764096470368095e+05,9.676221847534179688e+00,-1.147378161549568176e-01,7.266727685928344727e-01,2.070400000000000000e+04
1.764439412683887482e+09,2.381561160869736923e+05,2.308917544355099672e+05,2.378631517723979778e+05,2.019181939265959372e+05,5.438542194788717898e+05,1.665849139195578173e+05,3.711507837356070522e+05,5.434729434219531249e+05,9.676221847534179688e+00,-1.147378161549568176e-01,7.266727685928344727e-01,2.070500000000000000e+04
1.764439412687887430e+09,2.381398216652657720e+05,2.308867252930075338e+05,2.378597319554963033e+05,2.019115554584927158e+05,5.438395343827647157e+05,1.665755932421199686e+05,3.711315388836310594e+05,5.434579901049125474e+05,9.676221847534179688e+00,-1.147378161549568176e-01,7.266727685928344727e-01,2.070600000000000000e+04
1.764439412691887617e+09,2.381334514180959959e+05,2.308602384758279950e+05,2.378289536033813492e+05,2.018754126877084782e+05,5.439543329422870884e+05,1.665378411457349430e+05,3.711195359968585544e+05,5.435725204435015330e+05,9.676221847534179688e+00,-1.147378161549568176e-01,7.266727685928344727e-01,2.070700000000000000e+04
1.764439412695887566e+09,2.381117925777187920e+05,2.308316058911807486e+05,2.377920061697967467e+05,2.018398063587911602e+05,5.440205835128526669e+05,1.664987479446826037e+05,3.711010958076828974e+05,5.436385027931336081e+05,9.676221847534179688e+00,-1.147378161549568176e-01,7.266727685928344727e-01,2.070800000000000000e+04
1.764439412699887514e+09,2.380721629347995331e+05,2.308289907370794681e+05,2.377773210736895853e+05,2.018342407744218071e+05,5.439318694391095778e+05,1.664872814997770474e+05,3.710767547579710954e+05,5.435503251612574095e+05,9.676221847534179688e+00,-1.147378161549568176e-01,7.266727685928344727e-01,2.070900000000000000e+04
1.764439412703887463e+09,2.380378977105495578e+05,2.308378420278837730e+05,2.377736330358544656e+05,2.018385323093572224e+05,5.438292078768262872e+05,1.664870803340769489e+05,3.710516090454588411e+05,5.434479318199077388e+05,9.676221847534179688e+00,-1.147378161549568176e-01,7.266727685928344727e-01,2.071000000000000000e+04
1.764439412707887650e+09,2.380207986260412436e+05,2.308293260132462892e+05,2.377651170212170109e+05,2.018308209575201327e+05,5.438158638853864977e+05,1.664758821101048379e+05,3.710291455422812724e+05,5.434345878284678329e+05,9.676221847534179688e+00,-1.147378161549568176e-01,7.266727685928344727e-01,2.071100000000000000e+04
1.764439412711887598e+09,2.380136237160711025e+05,2.308004252076655685e+05,2.377335340063016629e+05,2.017933370820685814e+05,5.439352222007778473e+05,1.664346431415847910e+05,3.710133875624403008e+05,5.435536779229257954e+05,9.676221847534179688e+00,-1.147378161549568176e-01,7.266727685928344727e-01,2.071200000000000000e+04
1.764439412715887547e+09,2.379930377594277670e+05,2.307731337276856648e+05,2.376984641192512645e+05,2.017555849856835848e+05,5.440046914225448854e+05,1.663912584055970365e+05,3.709925333848634618e+05,5.436228789237593301e+05,9.676221847534179688e+00,-1.147378161549568176e-01,7.266727685928344727e-01,2.071300000000000000e+04
1.764439412719887495e+09,2.379571632095770037e+05,2.307664952595824143e+05,2.376845836859445262e+05,2.017489465175803634e+05,5.439157091278684093e+05,1.663765733094899042e+05,3.709647054630166385e+05,5.435336284081493504e+05,9.676221847534179688e+00,-1.147378161549568176e-01,7.266727685928344727e-01,2.071400000000000000e+04
1.764439412723887444e+09,2.379237026481273933e+05,2.307732007829190115e+05,2.376803592062424868e+05,2.017548473781165667e+05,5.438111700190508272e+05,1.663781826350906922e+05,3.709398279714378878e+05,5.434293575202653883e+05,9.676221847534179688e+00,-1.147378161549568176e-01,7.266727685928344727e-01,2.071500000000000000e+04
1.764439412727887630e+09,2.379012391449498245e+05,2.307641483264146082e+05,2.376664787729357195e+05,2.017471360262794769e+05,5.437954120392098557e+05,1.663728852716547844e+05,3.709232653287964640e+05,5.434133313194909133e+05,9.676221847534179688e+00,-1.147378161549568176e-01,7.266727685928344727e-01,2.071600000000000000e+04
1.764439412731887579e+09,2.378886998163103999e+05,2.307333699742996541e+05,2.376297995602845622e+05,2.017112614764287136e+05,5.439118199243331328e+05,1.663391564892717288e+05,3.709088484536228352e+05,5.435300074255475774e+05,9.676221847534179688e+00,-1.147378161549568176e-01,7.266727685928344727e-01,2.071700000000000000e+04
1.764439412735887527e+09,2.378673091968666704e+05,2.307017869593843061e+05,2.375974118825688201e+05,2.016716318335094547e+05,5.439823620298340684e+05,1.662946988695501059e+05,3.708893353807133390e+05,5.436005495310485130e+05,9.676221847534179688e+00,-1.147378161549568176e-01,7.266727685928344727e-01,2.071800000000000000e+04
1.764439412739887476e+09,2.378268748911470175e+05,2.306916616191460635e+05,2.375846043329959502e+05,2.016615064932711830e+05,5.439024992468953133e+05,1.662840370874449436e+05,3.708617756797999609e+05,5.435206867481097579e+05,9.676221847534179688e+00,-1.147378161549568176e-01,7.266727685928344727e-01,2.071900000000000000e+04
1.764439412743887663e+09,2.377931461087639618e+05,2.306932709447468515e+05,2.375851407748628699e+05,2.016636522607388906e+05,5.438156627196863992e+05,1.662861828549126512e+05,3.708366299672877067e+05,5.434338502209008439e+05,9.676221847534179688e+00,-1.147378161549568176e-01,7.266727685928344727e-01,2.072000000000000000e+04
1.764439412747887611e+09,2.377773881289229612e+05,2.306836820463755284e+05,2.375806480742273561e+05,2.016489671646317584e+05,5.438036598329138942e+05,1.662688155494708626e+05,3.708197991037128959e+05,5.434215791131948354e+05,9.676221847534179688e+00,-1.147378161549568176e-01,7.266727685928344727e-01,2.072100000000000000e+04
1.764439412751887560e+09,2.377675310096181638e+05,2.306478074965247361e+05,2.375493332802454534e+05,2.016088010798455798e+05,5.439165808459020918e+05,1.662324045577531797e+05,3.708096737634746241e+05,5.435345001261831494e+05,9.676221847534179688e+00,-1.147378161549568176e-01,7.266727685928344727e-01,2.072200000000000000e+04
1.764439412755887508e+09,2.377435922913065297e+05,2.306141457693750563e+05,2.375166773815962661e+05,2.015717865910276014e+05,5.439860500676692463e+05,1.661964629526690405e+05,3.708010906936037936e+05,5.436046399002838880e+05,9.561484336853027344e+00,0.000000000000000000e+00,6.119350194931030273e-01,2.072300000000000000e+04
1.764439412759887457e+09,2.377074495205223211e+05,2.306053615338041272e+05,2.375057473785576294e+05,2.015608565879889356e+05,5.438989453195268288e+05,1.661841918449630903e+05,3.707842598300289246e+05,5.435178033730749739e+05,9.561484336853027344e+00,0.000000000000000000e+00,6.119350194931030273e-01,2.072400000000000000e+04
1.764439412763887644e+09,2.376769393893408123e+05,2.306144810455418774e+05,2.375050097709905822e+05,2.015664892275916936e+05,5.437922604432416847e+05,1.661852647286969295e+05,3.707564319081821013e+05,5.434111184967898298e+05,9.561484336853027344e+00,0.000000000000000000e+00,6.119350194931030273e-01,2.072500000000000000e+04
1.764439412767887592e+09,2.376622542932336801e+05,2.306115976705071516e+05,2.375018581750223821e+05,2.015606554222888371e+05,5.437738202540660277e+05,1.661732618419244245e+05,3.707280675444682711e+05,5.433929465285476763e+05,9.561484336853027344e+00,0.000000000000000000e+00,6.119350194931030273e-01,2.072600000000000000e+04
1.764439412771887541e+09,2.376564204879308527e+05,2.305821604230595112e+05,2.374724209275747708e+05,2.015255855352384679e+05,5.438899599182558013e+05,1.661357779664728732e+05,3.707133824483611388e+05,5.435088179718039464e+05,9.561484336853027344e+00,0.000000000000000000e+00,6.119350194931030273e-01,2.072700000000000000e+04
1.764439412775887489e+09,2.376366391940878821e+05,2.305503091872106888e+05,2.374400332498590287e+05,2.014899792063211789e+05,5.439591609190894524e+05,1.661023174050232919e+05,3.706968198057197733e+05,5.435782871935709845e+05,9.561484336853027344e+00,0.000000000000000000e+00,6.119350194931030273e-01,2.072800000000000000e+04
1.764439412779887438e+09,2.376021057489044324e+05,2.305466211493755691e+05,2.374309807933546253e+05,2.014868276103529788e+05,5.438728608337475453e+05,1.660951424950531509e+05,3.706689918838729500e+05,5.434917188872956904e+05,9.561484336853027344e+00,0.000000000000000000e+00,6.119350194931030273e-01,2.072900000000000000e+04
1.764439412783887625e+09,2.375737413851906604e+05,2.305570817657806620e+05,2.374315172352215450e+05,2.014962153430242033e+05,5.437659077365288977e+05,1.660980929253212526e+05,3.706400910782922292e+05,5.433847657900770428e+05,9.561484336853027344e+00,0.000000000000000000e+00,6.119350194931030273e-01,2.073000000000000000e+04
1.764439412787887573e+09,2.375620067193516297e+05,2.305512479604778346e+05,2.374280974183198705e+05,2.014890404330540332e+05,5.437552459544236772e+05,1.660855535966817988e+05,3.706216508891165722e+05,5.433741040079718223e+05,9.561484336853027344e+00,0.000000000000000000e+00,6.119350194931030273e-01,2.073100000000000000e+04
1.764439412791887522e+09,2.375620067193516297e+05,2.305226153758305882e+05,2.374021470430072804e+05,2.014499472320017230e+05,5.438721902814138448e+05,1.660410959769602050e+05,3.706117937698118039e+05,5.434907801140284864e+05,9.561484336853027344e+00,0.000000000000000000e+00,6.119350194931030273e-01,2.073200000000000000e+04
1.764439412795887470e+09,2.375465169604441035e+05,2.304913005818486854e+05,2.373657360512895684e+05,2.014129997984170914e+05,5.439424641659813933e+05,1.660009298921740265e+05,3.705965722318377229e+05,5.435613222195294220e+05,9.561484336853027344e+00,0.000000000000000000e+00,6.119350194931030273e-01,2.073300000000000000e+04
1.764439412799887657e+09,2.375119835152606538e+05,2.304873443230800913e+05,2.373545378273174574e+05,2.014063613303138700e+05,5.438548229759720853e+05,1.659910727728692291e+05,3.705682078681239509e+05,5.434736810295202304e+05,9.561484336853027344e+00,0.000000000000000000e+00,6.119350194931030273e-01,2.073400000000000000e+04
1.764439412803887606e+09,2.374838873724803270e+05,2.304932451836162945e+05,2.373572200366521138e+05,2.014106528652492852e+05,5.437494792043542257e+05,1.659916092147361487e+05,3.705382341788093909e+05,5.433680690369688673e+05,9.561484336853027344e+00,0.000000000000000000e+00,6.119350194931030273e-01,2.073500000000000000e+04
1.764439412807887554e+09,2.374692022763731948e+05,2.304833880643115263e+05,2.373532637778835197e+05,2.014024050715452759e+05,5.437329165617128601e+05,1.659844343047660077e+05,3.705195257687002886e+05,5.433515063943275018e+05,9.561484336853027344e+00,0.000000000000000000e+00,6.119350194931030273e-01,2.073600000000000000e+04
1.764439412811887503e+09,2.374625638082699734e+05,2.304496592819284415e+05,2.373243629723027989e+05,2.013667987426279869e+05,5.438479833421687363e+05,1.659541923945179733e+05,3.705077911028612289e+05,5.434671096166503849e+05,9.561484336853027344e+00,0.000000000000000000e+00,6.119350194931030273e-01,2.073700000000000000e+04
1.764439412815887451e+09,2.374417096306931635e+05,2.304135165111442329e+05,2.372914388527201372e+05,2.013287784253094869e+05,5.439185254476696718e+05,1.659188542865341296e+05,3.704890826927521848e+05,5.435376517221513204e+05,9.561484336853027344e+00,0.000000000000000000e+00,6.119350194931030273e-01,2.073800000000000000e+04
1.764439412819887638e+09,2.374044939761750866e+05,2.304068780430409824e+05,2.372823863962157338e+05,2.013173119804039306e+05,5.438324935832612682e+05,1.659020234229592897e+05,3.704609865499718580e+05,5.434510834158759099e+05,9.561484336853027344e+00,0.000000000000000000e+00,6.119350194931030273e-01,2.073900000000000000e+04
1.764439412823887587e+09,2.373737156240601325e+05,2.304084873686417704e+05,2.372826546171492082e+05,2.013157697100365185e+05,5.437263451488430146e+05,1.658959213967229880e+05,3.704350361746592098e+05,5.433446667605241528e+05,9.561484336853027344e+00,0.000000000000000000e+00,6.119350194931030273e-01,2.074000000000000000e+04
1.764439412827887535e+09,2.373587623070195259e+05,2.303921929469338502e+05,2.372736021606448048e+05,2.013008163929959119e+05,5.437100507271350361e+05,1.658857960564846871e+05,3.704149866598828230e+05,5.433283723388162907e+05,9.561484336853027344e+00,0.000000000000000000e+00,6.119350194931030273e-01,2.074100000000000000e+04
1.764439412831887484e+09,2.373499780714485969e+05,2.303573912808169553e+05,2.372379958317274868e+05,2.012558223314073693e+05,5.438315548099940643e+05,1.658464346344988735e+05,3.704013744475095300e+05,5.434498764216753189e+05,9.561484336853027344e+00,0.000000000000000000e+00,6.119350194931030273e-01,2.074200000000000000e+04
1.764439412835887432e+09,2.373310014404060203e+05,2.303247353821677389e+05,2.372037306074775115e+05,2.012137787000869284e+05,5.439122893109667348e+05,1.658006359101099661e+05,3.703837389211343252e+05,5.435306109226478729e+05,9.561484336853027344e+00,0.000000000000000000e+00,6.119350194931030273e-01,2.074300000000000000e+04
1.764439412839887619e+09,2.372980773208233586e+05,2.303189015768649115e+05,2.371965556975073705e+05,2.012031169179817662e+05,5.438294760977597907e+05,1.657795135115997109e+05,3.703543016736866557e+05,5.434480659303744324e+05,9.561484336853027344e+00,0.000000000000000000e+00,6.119350194931030273e-01,2.074400000000000000e+04
1.764439412843887568e+09,2.372651532012406969e+05,2.303269482048688224e+05,2.371950134271399584e+05,2.012066037901167874e+05,5.437225230005411431e+05,1.657790441249661380e+05,3.703232551006382564e+05,5.433416492750226753e+05,9.561484336853027344e+00,0.000000000000000000e+00,6.119350194931030273e-01,2.074500000000000000e+04
1.764439412847887516e+09,2.372472494539319887e+05,2.303181639692978933e+05,2.371889114009036566e+05,2.011962102289450704e+05,5.437048874741658801e+05,1.657697234475282603e+05,3.703005233765271842e+05,5.433242819695809158e+05,9.561484336853027344e+00,0.000000000000000000e+00,6.119350194931030273e-01,2.074600000000000000e+04
1.764439412851887465e+09,2.372411474276956869e+05,2.302884585009167786e+05,2.371584012697221478e+05,2.011563123650923371e+05,5.438202224755552597e+05,1.657300938046090014e+05,3.702834242920188699e+05,5.434396169709702954e+05,9.561484336853027344e+00,0.000000000000000000e+00,6.119350194931030273e-01,2.074700000000000000e+04
1.764439412855887651e+09,2.372219025757196650e+05,2.302549979394671973e+05,2.371230631617383042e+05,2.011131958500380570e+05,5.438921056857235963e+05,1.656826857546193060e+05,3.702639112191093736e+05,5.435117684020720189e+05,9.561484336853027344e+00,0.000000000000000000e+00,6.119350194931030273e-01,2.074800000000000000e+04
1.764439412859887600e+09,2.371854915840019821e+05,2.302440679364285315e+05,2.371059640772299899e+05,2.011001200795317127e+05,5.438052691585146822e+05,1.656658548910444661e+05,3.702355468553956016e+05,5.434246636539297178e+05,9.561484336853027344e+00,0.000000000000000000e+00,6.119350194931030273e-01,2.074900000000000000e+04
1.764439412863887548e+09,2.371522992434858461e+05,2.302467501457631879e+05,2.370998620509937173e+05,2.011046798354006023e+05,5.437004618287637131e+05,1.656677324375786993e+05,3.702063778288814356e+05,5.433198563241787488e+05,9.561484336853027344e+00,0.000000000000000000e+00,6.119350194931030273e-01,2.075000000000000000e+04
1.764439412867887497e+09,2.371357366008444806e+05,2.302422574451276741e+05,2.370924189200900728e+05,2.010999189138316142e+05,5.436857767326566391e+05,1.656541202252054354e+05,3.701806956745022908e+05,5.433051712280716747e+05,9.561484336853027344e+00,0.000000000000000000e+00,6.119350194931030273e-01,2.075100000000000000e+04
1.764439412871887445e+09,2.371274888071404712e+05,2.302122837558130850e+05,2.370602994633078051e+05,2.010664583523820038e+05,5.438016481759129092e+05,1.656209278846892994e+05,3.701635965899939765e+05,5.434207744503944414e+05,9.561484336853027344e+00,0.000000000000000000e+00,6.119350194931030273e-01,2.075200000000000000e+04
1.764439412875887632e+09,2.371063664086301869e+05,2.301815054036981310e+05,2.370257660181243555e+05,2.010308520234646567e+05,5.438732631651477423e+05,1.655823711255038797e+05,3.701430106333506410e+05,5.434923894396292744e+05,9.561484336853027344e+00,0.000000000000000000e+00,6.119350194931030273e-01,2.075300000000000000e+04
1.764439412879887581e+09,2.370715647425132920e+05,2.301770797582959931e+05,2.370149701255524415e+05,2.010242806105947820e+05,5.437870301350391237e+05,1.655716422881653416e+05,3.701129028335693292e+05,5.434061564095207723e+05,9.561484336853027344e+00,-1.912296712398529053e-01,5.736890435218811035e-01,2.075400000000000000e+04
1.764439412883887529e+09,2.370407863903983380e+05,2.301821759560318023e+05,2.370168476720867038e+05,2.010269628199294384e+05,5.436873190030240221e+05,1.655687589131306158e+05,3.700821244814543752e+05,5.433064452775055543e+05,9.561484336853027344e+00,-1.912296712398529053e-01,5.736890435218811035e-01,2.075500000000000000e+04
1.764439412887887478e+09,2.370239555268234690e+05,2.301733917204608733e+05,2.370102092039834824e+05,2.010168374796911667e+05,5.436707563603826566e+05,1.655583653519588988e+05,3.700583198736094637e+05,5.432898826348641887e+05,9.561484336853027344e+00,-1.912296712398529053e-01,5.736890435218811035e-01,2.075600000000000000e+04
1.764439412891887665e+09,2.370151712912525400e+05,2.301412722636785766e+05,2.369764804216003977e+05,2.009796218251730897e+05,5.437850184780381387e+05,1.655232954649085295e+05,3.700409525681677042e+05,5.434036083106527803e+05,9.561484336853027344e+00,-1.912296712398529053e-01,5.736890435218811035e-01,2.075700000000000000e+04
1.764439412895887613e+09,2.369910984624741832e+05,2.301072752603620756e+05,2.369408740926831088e+05,2.009456248218565597e+05,5.438563652463394683e+05,1.654914442290597071e+05,3.700184890649901354e+05,5.434749550789541099e+05,9.561484336853027344e+00,-1.912296712398529053e-01,5.736890435218811035e-01,2.075800000000000000e+04
1.764439412899887562e+09,2.369565650172907335e+05,2.300990274666580663e+05,2.369363813920475950e+05,2.009389863537533383e+05,5.437697969400640577e+05,1.654810506678879901e+05,3.699887835966090206e+05,5.433883867726786993e+05,9.561484336853027344e+00,-1.912296712398529053e-01,5.736890435218811035e-01,2.075900000000000000e+04
1.764439412903887510e+09,2.369319557466454280e+05,2.301025143387930875e+05,2.369425504735172435e+05,2.009408639002876007e+05,5.436663307149804896e+05,1.654789719556536293e+05,3.699614921166290878e+05,5.432854569894620217e+05,9.561484336853027344e+00,-1.912296712398529053e-01,5.736890435218811035e-01,2.076000000000000000e+04
1.764439412907887459e+09,2.369186117552056094e+05,2.300918525566878961e+05,2.369375213310148101e+05,2.009288610135150957e+05,5.436494998514056206e+05,1.654667008479476790e+05,3.699473434623889043e+05,5.432683579049537657e+05,9.561484336853027344e+00,-1.912296712398529053e-01,5.736890435218811035e-01,2.076100000000000000e+04
1.764439412911887646e+09,2.369127779499027820e+05,2.300565144487040525e+05,2.369075476417002501e+05,2.008889631496623624e+05,5.437640301899946062e+05,1.654289487515626533e+05,3.699396321105518145e+05,5.433828882435427513e+05,9.561484336853027344e+00,-1.912296712398529053e-01,5.736890435218811035e-01,2.076200000000000000e+04
1.764439412915887594e+09,2.368940695397937088e+05,2.300211763407202379e+05,2.368748917430510337e+05,2.008506746114104171e+05,5.438391320513645187e+05,1.653882462249095552e+05,3.699228012469769455e+05,5.434577218839791603e+05,9.561484336853027344e+00,-1.912296712398529053e-01,5.736890435218811035e-01,2.076300000000000000e+04
1.764439412919887543e+09,2.368598043155437044e+05,2.300137332098165934e+05,2.368653028446797107e+05,2.008418903758394881e+05,5.437632925824276172e+05,1.653714153613347153e+05,3.698901453483277583e+05,5.433816141941087553e+05,9.561484336853027344e+00,-1.912296712398529053e-01,5.736890435218811035e-01,2.076400000000000000e+04
1.764439412923887491e+09,2.368335857192976400e+05,2.300196340703527967e+05,2.368720083680163079e+05,2.008456454689079837e+05,5.436845026832226431e+05,1.653658497769653331e+05,3.698588305543458555e+05,5.433033607367707882e+05,9.561484336853027344e+00,-1.912296712398529053e-01,5.736890435218811035e-01,2.076500000000000000e+04
1.764439412927887440e+09,2.368264108093274699e+05,2.300132638231830497e+05,2.368752270192178839e+05,2.008368612333370547e+05,5.436762548895186046e+05,1.653533104483259085e+05,3.698398539233033080e+05,5.432953811640002532e+05,9.561484336853027344e+00,-1.912296712398529053e-01,5.736890435218811035e-01,2.076600000000000000e+04
1.764439412931887627e+09,2.368259414226939261e+05,2.299803397036003880e+05,2.368476673183044768e+05,2.007977680322847154e+05,5.437891759025069186e+05,1.653195816659428529e+05,3.698286556993311970e+05,5.434083021769884508e+05,9.561484336853027344e+00,-1.912296712398529053e-01,5.736890435218811035e-01,2.076700000000000000e+04
1.764439412935887575e+09,2.368088423381856119e+05,2.299466109212173324e+05,2.368139385359214211e+05,2.007576019474985369e+05,5.438607908917416353e+05,1.652810249067574332e+05,3.698150434869579040e+05,5.434793807243562769e+05,9.561484336853027344e+00,-1.912296712398529053e-01,5.736890435218811035e-01,2.076800000000000000e+04
1.764439412939887524e+09,2.367799415326048911e+05,2.299415817787148699e+05,2.368073000678181998e+05,2.007496223747279728e+05,5.437771730157344136e+05,1.652687537990514829e+05,3.697818511464418261e+05,5.433960310692824423e+05,9.561484336853027344e+00,-1.912296712398529053e-01,5.736890435218811035e-01,2.076900000000000000e+04
1.764439412943887472e+09,2.367596237968950300e+05,2.299466779764506791e+05,2.368172242423563439e+05,2.007544503515303368e+05,5.436715610231830506e+05,1.652682844124179101e+05,3.697446354919237201e+05,5.432909555185980862e+05,9.561484336853027344e+00,-1.912296712398529053e-01,5.736890435218811035e-01,2.077000000000000000e+04
1.764439412947887659e+09,2.367508395613241009e+05,2.299336022059443349e+05,2.368182971260902123e+05,2.007432521275582258e+05,5.436517797293401090e+05,1.652560133047119598e+05,3.697232448724799906e+05,5.432709060038216412e+05,9.561484336853027344e+00,-1.912296712398529053e-01,5.736890435218811035e-01,2.077100000000000000e+04
1.764439412951887608e+09,2.367471515234889521e+05,2.298971912142266228e+05,2.367875187739752582e+05,2.007028178218385729e+05,5.437628231957940152e+05,1.652220163013954298e+05,3.697088279973063036e+05,5.433816812493421603e+05,9.561484336853027344e+00,-1.912296712398529053e-01,5.736890435218811035e-01,2.077200000000000000e+04
1.764439412955887556e+09,2.367281748924464046e+05,2.298591708969081519e+05,2.367481573519894446e+05,2.006645292835866276e+05,5.438349746268957388e+05,1.651923108330143441e+05,3.696909242499975953e+05,5.434538326804438839e+05,9.561484336853027344e+00,-1.912296712398529053e-01,5.736890435218811035e-01,2.077300000000000000e+04
1.764439412959887505e+09,2.366949825519302685e+05,2.298487773357364349e+05,2.367388366745515959e+05,2.006538675014814653e+05,5.437497474252877291e+05,1.651765528531733435e+05,3.696633645490842173e+05,5.433688736997692613e+05,9.561484336853027344e+00,-1.912296712398529053e-01,5.736890435218811035e-01,2.077400000000000000e+04
1.764439412963887453e+09,2.366682945690506313e+05,2.298571592399071960e+05,2.367412506629527488e+05,2.006556779927823227e+05,5.436444036536698695e+05,1.651695791089032718e+05,3.696350672406037920e+05,5.432638652043181937e+05,9.332008361816406250e+00,2.294756323099136353e-01,4.589512646198272705e-01,2.077500000000000000e+04
1.764439412967887640e+09,2.366560234613446810e+05,2.298505207718039455e+05,2.367375626251176291e+05,2.006434068850763724e+05,5.436291821156957885e+05,1.651530164662619063e+05,3.696144812839604565e+05,5.432483754454107257e+05,9.332008361816406250e+00,2.294756323099136353e-01,4.589512646198272705e-01,2.077600000000000000e+04
1.764439412971887589e+09,2.366536765281768749e+05,2.298243021755578811e+05,2.367094664823373023e+05,2.006037772421571135e+05,5.437504179776213132e+05,1.651112410558749398e+05,3.695965775366517482e+05,5.433696113073362503e+05,9.332008361816406250e+00,2.294756323099136353e-01,4.589512646198272705e-01,2.077700000000000000e+04
1.764439412975887537e+09,2.366357727808681666e+05,2.297903051722413511e+05,2.366743965952869330e+05,2.005670980295059562e+05,5.438228376296565402e+05,1.650745618432237825e+05,3.695749186962745734e+05,5.434420309593714774e+05,9.332008361816406250e+00,2.294756323099136353e-01,4.589512646198272705e-01,2.077800000000000000e+04
1.764439412979887486e+09,2.365996300100839289e+05,2.297809844948035025e+05,2.366597114991798007e+05,2.005615324451365741e+05,5.437319777884457726e+05,1.650663140495197731e+05,3.695460178906938527e+05,5.433517075600276003e+05,9.332008361816406250e+00,2.294756323099136353e-01,4.589512646198272705e-01,2.077900000000000000e+04
1.764439412983887434e+09,2.365696563207693689e+05,2.297871535762731510e+05,2.366595103334797022e+05,2.005634099916708365e+05,5.436277069005616941e+05,1.650645035582188866e+05,3.695189946316473652e+05,5.432474366721436381e+05,9.332008361816406250e+00,2.294756323099136353e-01,4.589512646198272705e-01,2.078000000000000000e+04
1.764439412987887621e+09,2.365544347827953170e+05,2.297746142476337263e+05,2.366552858537776629e+05,2.005495295583640691e+05,5.436092667113861535e+05,1.650514277877125423e+05,3.695000180006048176e+05,5.432287282620344777e+05,9.332008361816406250e+00,2.294756323099136353e-01,4.589512646198272705e-01,2.078100000000000000e+04
1.764439412991887569e+09,2.365483327565590153e+05,2.297387396977829630e+05,2.366237028388623148e+05,2.005056083805093949e+05,5.437213830615739571e+05,1.650072383889243938e+05,3.694872104510319186e+05,5.433408446122222813e+05,9.332008361816406250e+00,2.294756323099136353e-01,4.589512646198272705e-01,2.078200000000000000e+04
1.764439412995887518e+09,2.365285514627160737e+05,2.296988418339302589e+05,2.365827320912757132e+05,2.004646376329228224e+05,5.437913887252078857e+05,1.649641218738701136e+05,3.694701113665236626e+05,5.434111184967898298e+05,9.332008361816406250e+00,2.294756323099136353e-01,4.589512646198272705e-01,2.078300000000000000e+04
1.764439412999887466e+09,2.364897264825972088e+05,2.296863025052908051e+05,2.365637554602331656e+05,2.004531711880172661e+05,5.436999924421302276e+05,1.649499732196299010e+05,3.694460385377452476e+05,5.433199904346455587e+05,9.332008361816406250e+00,2.294756323099136353e-01,4.589512646198272705e-01,2.078400000000000000e+04
1.764439413003887653e+09,2.364522426071456575e+05,2.296834191302560794e+05,2.365568487711964699e+05,2.004537076298841857e+05,5.435908935774437850e+05,1.649558740801661042e+05,3.694233068136342335e+05,5.432103551280922256e+05,9.332008361816406250e+00,2.294756323099136353e-01,4.589512646198272705e-01,2.078500000000000000e+04
1.764439413007887602e+09,2.364327295342361613e+05,2.296711480225501291e+05,2.365491374193594093e+05,2.004449233943132567e+05,5.435770131441371050e+05,1.649465534027282265e+05,3.694008433104566648e+05,5.431967429157189326e+05,9.332008361816406250e+00,2.294756323099136353e-01,4.589512646198272705e-01,2.078600000000000000e+04
1.764439413011887550e+09,2.364293097173345159e+05,2.296476116356386920e+05,2.365218459393794765e+05,2.004093170653959387e+05,5.436974443432622356e+05,1.649002182364723703e+05,3.693767704816782498e+05,5.433174423357775668e+05,9.332008361816406250e+00,2.294756323099136353e-01,4.589512646198272705e-01,2.078700000000000000e+04
1.764439413015887499e+09,2.364162339468281425e+05,2.296184426091244968e+05,2.364899947035306541e+05,2.003702238643435994e+05,5.437789835070351837e+05,1.648557606167507765e+05,3.693510883272991050e+05,5.433987132786171278e+05,9.332008361816406250e+00,2.294756323099136353e-01,4.589512646198272705e-01,2.078800000000000000e+04
1.764439413019887447e+09,2.363827733853785612e+05,2.296053668386181234e+05,2.364814786888931994e+05,2.003566116519703355e+05,5.436953656310279621e+05,1.648453670555790595e+05,3.693232604054522817e+05,5.433150954026097897e+05,9.332008361816406250e+00,2.294756323099136353e-01,4.589512646198272705e-01,2.078900000000000000e+04
1.764439413023887634e+09,2.363495810448624252e+05,2.296077808270193054e+05,2.364822833516935643e+05,2.003558740444033174e+05,5.435830481151400600e+05,1.648512679161152628e+05,3.693005286813412094e+05,5.432027778867218876e+05,9.332008361816406250e+00,2.294756323099136353e-01,4.589512646198272705e-01,2.079000000000000000e+04
1.764439413027887583e+09,2.363306044138198777e+05,2.296014105798495293e+05,2.364692075811872201e+05,2.003454804832316004e+05,5.435520015420916025e+05,1.648462387736128294e+05,3.692842342596332892e+05,5.431717313136734301e+05,9.332008361816406250e+00,2.294756323099136353e-01,4.589512646198272705e-01,2.079100000000000000e+04
1.764439413031887531e+09,2.363261117131843639e+05,2.295717051114684436e+05,2.364419161012072873e+05,2.003053143984453927e+05,5.436724327412168495e+05,1.647999036073569732e+05,3.692714267100603902e+05,5.432924307337321807e+05,9.332008361816406250e+00,2.294756323099136353e-01,4.589512646198272705e-01,2.079200000000000000e+04
1.764439413035887480e+09,2.363210825706819014e+05,2.295457547361558245e+05,2.364221348073643458e+05,2.002635389880584262e+05,5.437550447887235787e+05,1.647313061036236177e+05,3.692433305672800634e+05,5.433750427812389098e+05,9.332008361816406250e+00,2.294756323099136353e-01,4.589512646198272705e-01,2.079300000000000000e+04
1.764439413039887667e+09,2.362972779628370190e+05,2.295377751633852895e+05,2.364149598973942047e+05,2.002544865315540228e+05,5.436620391800451325e+05,1.647150116819157265e+05,3.691986047266250243e+05,5.432820371725604637e+05,9.332008361816406250e+00,2.294756323099136353e-01,4.589512646198272705e-01,2.079400000000000000e+04
1.764439413043887615e+09,2.362662313897885906e+05,2.295380433843187348e+05,2.364101989758252166e+05,2.002513349355858227e+05,5.435481123385563260e+05,1.647171574493834341e+05,3.691595115255726851e+05,5.431681103310716571e+05,9.332008361816406250e+00,2.294756323099136353e-01,4.589512646198272705e-01,2.079500000000000000e+04
1.764439413047887564e+09,2.362437678866109927e+05,2.295204078579435009e+05,2.363952456587846100e+05,2.002350405138779024e+05,5.435307450331145665e+05,1.647048863416774548e+05,3.691375844642620650e+05,5.431510112465634011e+05,9.332008361816406250e+00,2.294756323099136353e-01,4.589512646198272705e-01,2.079600000000000000e+04
1.764439413051887512e+09,2.362352518719735381e+05,2.294893612848950725e+05,2.363591028880003723e+05,2.001900464522893890e+05,5.436425931623689830e+05,1.646545278614196577e+05,3.691255815774895600e+05,5.432625911548843142e+05,9.332008361816406250e+00,2.294756323099136353e-01,4.589512646198272705e-01,2.079700000000000000e+04
1.764439413055887461e+09,2.362103743803947582e+05,2.294540231769112288e+05,2.363186685822807194e+05,2.001482710419024224e+05,5.437182314656056697e+05,1.646146299975669244e+05,3.691068731673804577e+05,5.433376930162541103e+05,9.332008361816406250e+00,2.294756323099136353e-01,4.589512646198272705e-01,2.079800000000000000e+04
1.764439413059887648e+09,2.361661849816065805e+05,2.294379969761367829e+05,2.363055928117743751e+05,2.001392185853980191e+05,5.436351500314653385e+05,1.646045046573286818e+05,3.690798499083339702e+05,5.432546115821137791e+05,9.332008361816406250e+00,2.294756323099136353e-01,4.589512646198272705e-01,2.079900000000000000e+04
1.764439413063887596e+09,2.361331938067905430e+05,2.294458424384405953e+05,2.363022400501060765e+05,2.001390844749312964e+05,5.435304097569477744e+05,1.645974638578252634e+05,3.690549724167552195e+05,5.431500054180629086e+05,8.490598678588867188e+00,4.207052886486053467e-01,6.884268522262573242e-01,2.080000000000000000e+04
1.764439413067887545e+09,2.361136807338810468e+05,2.294346442144684843e+05,2.362897007214666519e+05,2.001254722625580034e+05,5.435092873584375484e+05,1.645835834245184960e+05,3.690397508787811385e+05,5.431291512404860696e+05,8.490598678588867188e+00,4.207052886486053467e-01,6.884268522262573242e-01,2.080100000000000000e+04
1.764439413071887493e+09,2.360998003005743085e+05,2.293955510134161741e+05,2.362465842064123717e+05,2.000879883871064521e+05,5.436146981852886965e+05,1.645579012701393513e+05,3.690325759688109974e+05,5.432345620673373342e+05,8.490598678588867188e+00,4.207052886486053467e-01,6.884268522262573242e-01,2.080200000000000000e+04
1.764439413075887442e+09,2.360703630531266681e+05,2.293575306960976741e+05,2.362042723541584273e+05,2.000542596047233965e+05,5.436822898605215596e+05,1.645330237785606005e+05,3.690101124656334287e+05,5.433021537425701972e+05,8.490598678588867188e+00,4.207052886486053467e-01,6.884268522262573242e-01,2.080300000000000000e+04
1.764439413079887629e+09,2.360352931660762988e+05,2.293580671379646228e+05,2.361952198976540240e+05,2.000470846947532555e+05,5.436029635194496950e+05,1.645151200312518922e+05,3.689747743576495559e+05,5.432228274014983326e+05,8.490598678588867188e+00,4.207052886486053467e-01,6.884268522262573242e-01,2.080400000000000000e+04
1.764439413083887577e+09,2.360122932210317813e+05,2.293687959753031610e+05,2.362046076303252485e+05,2.000500351250213280e+05,5.435027159455677029e+05,1.645007031560782343e+05,3.689421184590003686e+05,5.431225798276162241e+05,8.490598678588867188e+00,4.207052886486053467e-01,6.884268522262573242e-01,2.080500000000000000e+04
1.764439413087887526e+09,2.360016314389266190e+05,2.293667172630688001e+05,2.362048758512587228e+05,2.000417873313173477e+05,5.434770337911884999e+05,1.644814583041022124e+05,3.689191185139558511e+05,5.430966294523036340e+05,8.490598678588867188e+00,4.207052886486053467e-01,6.884268522262573242e-01,2.080600000000000000e+04
1.764439413091887474e+09,2.359966022964241565e+05,2.293439855389577569e+05,2.361770479294118413e+05,2.000088632117346569e+05,5.435947827809790615e+05,1.644437062077171868e+05,3.689012147666471428e+05,5.432149148839610862e+05,8.490598678588867188e+00,4.207052886486053467e-01,6.884268522262573242e-01,2.080700000000000000e+04
1.764439413095887661e+09,2.359714565839119314e+05,2.293003325820365571e+05,2.361344678562244808e+05,1.999810352898878045e+05,5.436690799795484636e+05,1.644341173093458638e+05,3.688838474612053833e+05,5.432892120825306047e+05,8.490598678588867188e+00,4.207052886486053467e-01,6.884268522262573242e-01,2.080800000000000000e+04
1.764439413099887609e+09,2.359326316037930665e+05,2.292920847883325478e+05,2.361211238647846621e+05,1.999808341241877060e+05,5.435819752314061625e+05,1.644408228326824610e+05,3.688605792952274205e+05,5.432018391134548001e+05,8.490598678588867188e+00,4.207052886486053467e-01,6.884268522262573242e-01,2.080900000000000000e+04
1.764439413103887558e+09,2.359042672400792944e+05,2.293041547303383995e+05,2.361297069346555218e+05,1.999912947405927989e+05,5.434742174713871209e+05,1.644395487832485233e+05,3.688394568967171363e+05,5.430940813534357585e+05,8.490598678588867188e+00,4.207052886486053467e-01,6.884268522262573242e-01,2.081000000000000000e+04
1.764439413107887506e+09,2.358989698766433867e+05,2.293089827071407635e+05,2.361452637487963948e+05,1.999817058422214759e+05,5.434568501659453614e+05,1.644012602449965780e+05,3.688253082424769527e+05,5.430769822689273860e+05,8.490598678588867188e+00,4.207052886486053467e-01,6.884268522262573242e-01,2.081100000000000000e+04
1.764439413111887455e+09,2.359054071790465096e+05,2.292835687736950640e+05,2.361311150945562113e+05,1.999466359551711066e+05,5.435660160858650925e+05,1.643498288810049125e+05,3.688106231463698205e+05,5.431861481888471171e+05,8.490598678588867188e+00,4.207052886486053467e-01,6.884268522262573242e-01,2.081200000000000000e+04
1.764439413115887642e+09,2.358947453969413182e+05,2.292541315262474236e+05,2.361062376029774314e+05,1.999134436146549706e+05,5.436341442029648460e+05,1.643139543311541493e+05,3.687825270035894937e+05,5.432542763059468707e+05,8.490598678588867188e+00,4.207052886486053467e-01,6.884268522262573242e-01,2.081300000000000000e+04
1.764439413119887590e+09,2.358591390680240293e+05,2.292482977209445962e+05,2.360966487046061084e+05,1.999134436146549706e+05,5.435416750361532904e+05,1.643236102847588481e+05,3.687479935584060149e+05,5.431618071391353151e+05,8.490598678588867188e+00,4.207052886486053467e-01,6.884268522262573242e-01,2.081400000000000000e+04
1.764439413123887539e+09,2.358248738437740540e+05,2.292531256977469311e+05,2.360857187015674717e+05,1.999284639869289240e+05,5.434245295434630243e+05,1.643488230525044200e+05,3.687244571714946069e+05,5.430446616464450490e+05,8.490598678588867188e+00,4.207052886486053467e-01,6.884268522262573242e-01,2.081500000000000000e+04
1.764439413127887487e+09,2.358042878871306893e+05,2.292499741017787601e+05,2.360640598611902678e+05,1.999322190799974196e+05,5.433878503308118088e+05,1.643370883866653894e+05,3.687188915871252539e+05,5.430079824337938335e+05,8.490598678588867188e+00,4.207052886486053467e-01,6.884268522262573242e-01,2.081600000000000000e+04
1.764439413131887436e+09,2.358008680702290440e+05,2.292197321915307257e+05,2.360603718233551481e+05,1.998840063672073302e+05,5.434760950179214124e+05,1.642762692900024995e+05,3.687044747119515669e+05,5.430962271209034370e+05,8.490598678588867188e+00,4.207052886486053467e-01,6.884268522262573242e-01,2.081700000000000000e+04
1.764439413135887623e+09,2.357861829741219117e+05,2.291814436532787804e+05,2.360271794828390121e+05,1.998315021194817964e+05,5.435254476696787169e+05,1.642192052864081052e+05,3.686922036042456166e+05,5.431453115517272381e+05,8.490598678588867188e+00,4.207052886486053467e-01,6.884268522262573242e-01,2.081800000000000000e+04
1.764439413139887571e+09,2.357390431450656615e+05,2.291546886151657673e+05,2.359744070141800330e+05,1.998060881860361260e+05,5.434176899096596753e+05,1.641954006785631937e+05,3.686799324965396081e+05,5.430378220126417000e+05,8.490598678588867188e+00,4.207052886486053467e-01,6.884268522262573242e-01,2.081900000000000000e+04
1.764439413143887520e+09,2.356666905482638394e+05,2.291129132047788007e+05,2.359197569989868207e+05,1.997629716709818458e+05,5.432737223236230202e+05,1.641576485821781971e+05,3.686443261676223483e+05,5.428938544266050449e+05,8.490598678588867188e+00,4.207052886486053467e-01,6.884268522262573242e-01,2.082000000000000000e+04
1.764439413147887468e+09,2.355975566026635643e+05,2.290381466195757966e+05,2.358551828092554351e+05,1.996924966207142570e+05,5.432163900990951806e+05,1.640952201599145192e+05,3.686087198387050303e+05,5.428362539811438182e+05,8.490598678588867188e+00,4.207052886486053467e-01,6.884268522262573242e-01,2.082100000000000000e+04
1.764439413151887655e+09,2.355193031453255389e+05,2.289132227198150940e+05,2.357366962118978554e+05,1.995681091628204740e+05,5.432783491347252857e+05,1.639796839928250411e+05,3.685650668817838305e+05,5.428984812377073104e+05,8.490598678588867188e+00,4.207052886486053467e-01,6.884268522262573242e-01,2.082200000000000000e+04
1.764439413155887604e+09,2.354067174085041624e+05,2.287732784477804089e+05,2.355967519398631703e+05,1.994268237861184753e+05,5.433150954026097897e+05,1.638442994766592456e+05,3.685061253316551447e+05,5.429354957265253179e+05,8.490598678588867188e+00,4.207052886486053467e-01,6.884268522262573242e-01,2.082300000000000000e+04
1.764439413159887552e+09,2.352662366946025577e+05,2.286513049782878079e+05,2.354670000633001328e+05,1.993067278631601075e+05,5.431856117469802266e+05,1.637284950886362931e+05,3.684318951883190894e+05,5.428062802918292582e+05,8.490598678588867188e+00,4.207052886486053467e-01,6.884268522262573242e-01,2.082400000000000000e+04
